{"cameraMode":{"drawMode":0,"name":"Shaded","section":"Shading Mode"},"sceneLighting":true,"audioPlay":false,"sceneViewState":{"showFog":true,"showMaterialUpdate":false,"showSkybox":true,"showFlares":true,"showImageEffects":true,"showParticleSystems":true},"in2DMode":false,"pivot":{"x":262.25616455078127,"y":-26.0176944732666,"z":11.52267074584961},"rotation":{"x":-0.14226578176021577,"y":-0.8330652117729187,"z":0.2511482536792755,"w":-0.4718991816043854},"size":76.48957824707031,"orthographic":false}