{"cameraMode":{"drawMode":0,"name":"Shaded","section":"Shading Mode"},"sceneLighting":true,"audioPlay":false,"sceneViewState":{"showFog":true,"showMaterialUpdate":false,"showSkybox":true,"showFlares":true,"showImageEffects":true,"showParticleSystems":true},"in2DMode":false,"pivot":{"x":152.22079467773438,"y":-6.681282043457031,"z":25.05656623840332},"rotation":{"x":-0.782397985458374,"y":0.00037005922058597207,"z":-0.00046015437692403793,"w":-0.6227878332138062},"size":65.95661926269531,"orthographic":true}