{"cameraMode":{"drawMode":0,"name":"Shaded","section":"Shading Mode"},"sceneLighting":false,"audioPlay":false,"sceneViewState":{"showFog":true,"showMaterialUpdate":false,"showSkybox":false,"showFlares":true,"showImageEffects":true,"showParticleSystems":true},"in2DMode":false,"pivot":{"x":0.9085111618041992,"y":1.0059740543365479,"z":0.4803312420845032},"rotation":{"x":-0.00741608114913106,"y":0.31465452909469607,"z":-0.002447096398100257,"w":-0.9491885304450989},"size":2.899646043777466,"orthographic":false}