{"cameraMode":{"drawMode":0,"name":"Shaded","section":"Shading Mode"},"sceneLighting":false,"audioPlay":false,"sceneViewState":{"showFog":true,"showMaterialUpdate":false,"showSkybox":false,"showFlares":true,"showImageEffects":true,"showParticleSystems":true},"in2DMode":false,"pivot":{"x":38.587318420410159,"y":89.86743927001953,"z":7.293397903442383},"rotation":{"x":0.22477751970291139,"y":0.20287936925888062,"z":-0.047910433262586597,"w":0.9518569111824036},"size":3.6367886066436769,"orthographic":false}