{"cameraMode":{"drawMode":0,"name":"Shaded","section":"Shading Mode"},"sceneLighting":false,"audioPlay":false,"sceneViewState":{"showFog":true,"showMaterialUpdate":false,"showSkybox":false,"showFlares":true,"showImageEffects":true,"showParticleSystems":true},"in2DMode":false,"pivot":{"x":1.1920928955078126e-7,"y":0.39714789390563967,"z":-0.1160433292388916},"rotation":{"x":-0.1345427930355072,"y":-0.8592411875724793,"z":0.2888592481613159,"w":-0.40021416544914248},"size":6.215346336364746,"orthographic":false}