{"cameraMode":{"drawMode":0,"name":"Shaded","section":"Shading Mode"},"sceneLighting":true,"audioPlay":false,"sceneViewState":{"showFog":true,"showMaterialUpdate":false,"showSkybox":false,"showFlares":true,"showImageEffects":true,"showParticleSystems":true},"in2DMode":false,"pivot":{"x":118.3069076538086,"y":-26.54059600830078,"z":-45.837890625},"rotation":{"x":0.22477751970291139,"y":0.20287936925888062,"z":-0.047910433262586597,"w":0.9518569111824036},"size":1212.3370361328125,"orthographic":false}