{"cameraMode":{"drawMode":0,"name":"Shaded","section":"Shading Mode"},"sceneLighting":false,"audioPlay":false,"sceneViewState":{"showFog":true,"showMaterialUpdate":false,"showSkybox":false,"showFlares":true,"showImageEffects":true,"showParticleSystems":true},"in2DMode":false,"pivot":{"x":-18.14885711669922,"y":-5.994467735290527,"z":94.06878662109375},"rotation":{"x":-0.0025453423149883749,"y":0.9968806505203247,"z":0.07008659094572067,"w":0.036203622817993167},"size":12.60511589050293,"orthographic":false}